Model,MSE,R2,Approx_Accuracy(%)
LSTM (Pattern Discovery),0.03253346241491956,0.0909024018419834,96.74665375850805
