Best Epoch,Training Loss,Validation Loss
6,0.0328332744538784,0.03253348916769028
